{
  "epoch_losses": [
    0.03677128789432856,
    0.03641841218288101,
    0.03656349917515258,
    0.035821641953362085,
    0.03606594934216748,
    0.03647801705371978,
    0.036348209550307195,
    0.036309557827152984,
    0.03669169883317631,
    0.03633703151681202,
    0.03577285708065049,
    0.03637551816249118,
    0.03623098203032998,
    0.03602839534691091,
    0.03654190559431805,
    0.03594119844333402,
    0.0364942538675626,
    0.03621883693722553,
    0.03617819635678911,
    0.03607581574718548,
    0.03629930543099462,
    0.036169937257241616,
    0.03606809738976625,
    0.036556263335008186,
    0.03619311975925365,
    0.036291302565137,
    0.035860043802596366,
    0.03597751727147731,
    0.036260140625919444,
    0.03645953689742093,
    0.036048959693392245,
    0.0359881090311932,
    0.03609979934902614,
    0.036147240024039524,
    0.03623153015353716,
    0.03632077210102134,
    0.03589852102750507,
    0.035947590847613065,
    0.035915459951756046,
    0.03632513211874726,
    0.03576013509210459,
    0.03610264887420193,
    0.03585408045123832,
    0.035997294723542766,
    0.035826255568835036,
    0.03581218633036958,
    0.03619413671448815,
    0.035633449504870365,
    0.03598085591585638,
    0.03537619769505905,
    0.0354260710790133,
    0.03570939844967293,
    0.03627079523564298,
    0.036087807080615535,
    0.035493886398220285,
    0.03605358528949244,
    0.03601493144617105,
    0.03588197395960505,
    0.03535803861020591,
    0.03535066536230453,
    0.035821132157041816,
    0.03567332605109239,
    0.03550981031474712,
    0.035821696897736004,
    0.03590898098934731,
    0.03569980844334412,
    0.0360917724414384,
    0.035663739849066324,
    0.03564048165020892,
    0.0361174450483457,
    0.03606147357487271
  ],
  "last_epoch": 170,
  "timestamp": "2026-02-24T20:49:31.873498"
}